ID,RiskScore
0,37.6293
1,53.8131
2,31.4849
3,30.6435
4,35.4343
5,64.9846
6,29.8629
7,30.6267
8,44.3262
9,63.4368
10,39.9611
11,38.5985
12,54.9518
13,30.8376
14,39.3294
15,55.2819
16,28.9041
17,34.5597
18,64.2531
19,71.5779
20,66.5082
21,31.007
22,58.5473
23,46.414
24,49.951
25,28.9041
26,35.0693
27,30.6869
28,56.1845
29,71.5779
30,40.2897
31,53.978
32,39.6963
33,38.9319
34,39.4472
35,29.4949
36,59.4948
37,50.1001
38,51.824
39,63.068
40,63.7665
41,49.6158
42,62.5735
43,30.8228
44,52.7934
45,32.1528
46,40.6682
47,66.1893
48,28.9041
49,30.4723
50,58.3807
51,49.5585
52,49.0321
53,36.5698
54,41.3076
55,44.9501
56,61.2204
57,34.8918
58,36.3437
59,62.239
60,63.7179
61,49.3206
62,32.1521
63,67.8268
64,36.738
65,39.8869
66,58.9298
67,71.5779
68,31.2948
69,62.513
70,32.8462
71,37.6512
72,56.2176
73,54.7887
74,51.2862
75,60.6932
76,65.7004
77,28.9041
78,47.9831
79,55.502
80,63.6668
81,53.2804
82,54.795
83,40.961
84,65.3573
85,65.1036
86,56.5623
87,28.9041
88,44.4216
89,62.132
90,40.4498
91,43.537
92,37.2562
93,28.9041
94,42.4449
95,34.4912
96,37.8187
97,65.0189
98,40.5562
99,55.5004
100,30.5768
101,31.2619
102,66.5508
103,71.5779
104,28.971
105,70.9801
106,58.7937
107,62.8445
108,33.2448
109,71.5779
110,52.8449
111,62.3816
112,71.5779
113,61.9025
114,59.9684
115,41.4951
116,66.1194
117,53.829
118,43.6233
119,48.6322
120,37.7378
121,71.5779
122,42.4524
123,49.3343
124,39.9316
125,61.3727
126,28.9041
127,28.9041
128,32.9805
129,67.7158
130,28.9041
131,60.0249
132,71.5779
133,65.8325
134,28.9041
135,46.3682
136,28.9041
137,44.9866
138,30.4762
139,47.9962
140,46.6591
141,45.9091
142,28.9041
143,28.9041
144,65.4779
145,28.9041
146,47.7007
147,61.9591
148,61.8308
149,66.0698
150,46.3228
151,38.8598
152,65.0087
153,53.841
154,61.484
155,32.3659
156,59.1037
157,57.9559
158,63.6874
159,59.5902
160,42.5478
161,42.5358
162,71.5779
163,47.7423
164,44.8569
165,51.5303
166,44.0125
167,37.6919
168,36.2727
169,35.0561
170,44.9259
171,47.41
172,54.8302
173,48.5996
174,44.7051
175,53.4295
176,54.6304
177,37.0893
178,28.9041
179,71.5779
180,50.7464
181,32.7514
182,63.686
183,53.4177
184,66.457
185,63.5405
186,71.5779
187,55.9058
188,31.9208
189,28.9041
190,28.9041
191,67.5125
192,51.3081
193,28.9041
194,59.3712
195,31.8213
196,31.6813
197,59.8931
198,62.8588
199,39.1426
200,28.9041
201,50.6349
202,32.5953
203,31.117
204,66.971
205,56.3724
206,70.6975
207,41.901
208,56.1417
209,55.2139
210,37.0536
211,34.9839
212,62.7435
213,55.7666
214,42.6235
215,53.7424
216,62.5939
217,59.6655
218,47.5271
219,35.2161
220,32.6779
221,33.8647
222,33.3171
223,51.1323
224,34.9016
225,57.8028
226,55.6456
227,34.4614
228,44.9877
229,35.7666
230,45.8204
231,48.7598
232,41.4892
233,49.385
234,60.2812
235,53.529
236,28.9041
237,50.9088
238,56.002
239,31.5493
240,65.5111
241,71.5779
242,46.7157
243,71.3031
244,68.2304
245,65.8609
246,28.9041
247,41.8826
248,71.1086
249,28.9041
250,57.0458
251,30.7564
252,46.9895
253,67.422
254,50.0257
255,31.7634
256,50.1838
257,62.6863
258,56.2161
259,32.0017
260,53.4039
261,51.637
262,29.3194
263,71.556
264,57.6329
265,28.9041
266,49.02
267,28.9405
268,62.8862
269,71.5779
270,52.5274
271,67.751
272,29.9993
273,46.61
274,39.6013
275,47.4728
276,66.1151
277,44.8685
278,53.2582
279,28.9179
280,63.3802
281,56.265
282,54.7899
283,49.7794
284,38.91
285,28.9501
286,35.9775
287,69.0899
288,47.9467
289,37.5668
290,49.3872
291,45.3588
292,51.5517
293,58.1149
294,29.0023
295,61.6564
296,71.5779
297,44.0556
298,45.7154
299,68.7159
300,48.6132
301,71.5779
302,55.6941
303,36.8401
304,54.1458
305,28.9041
306,33.9766
307,61.3191
308,51.2167
309,40.3804
310,62.0068
311,53.786
312,48.7364
313,48.4938
314,60.1513
315,67.6828
316,41.1997
317,34.662
318,62.6254
319,39.4377
320,28.9041
321,43.5475
322,63.8619
323,71.5779
324,71.5779
325,44.9259
326,71.5779
327,30.2354
328,45.3786
329,30.5167
330,40.4306
331,71.4166
332,28.9041
333,56.9584
334,52.8082
335,59.1717
336,57.7696
337,33.5093
338,42.2208
339,47.9549
340,61.8359
341,71.5779
342,71.5779
343,58.4756
344,31.9267
345,28.9041
346,42.8511
347,43.0281
348,39.0134
349,37.6096
350,45.2806
351,31.3917
352,53.9556
353,28.9041
354,37.3345
355,38.6502
356,28.9041
357,28.9041
358,35.484
359,62.3838
360,34.252
361,28.9041
362,36.7511
363,69.5001
364,47.652
365,50.3898
366,50.8571
367,38.603
368,65.9416
369,51.7227
370,37.8383
371,32.2384
372,32.4955
373,71.5779
374,52.1039
375,41.8962
376,28.9041
377,58.7468
378,46.4645
379,66.3359
380,42.2476
381,35.3998
382,66.2146
383,71.5779
384,44.6893
385,63.2052
386,28.9041
387,32.3063
388,51.7234
389,42.0844
390,63.5248
391,64.346
392,56.2182
393,34.0211
394,63.8863
395,68.3584
396,30.023
397,37.8367
398,71.5779
399,39.5613
400,52.193
401,58.6802
402,28.9041
403,67.8591
404,66.8992
405,50.3166
406,28.9041
407,69.8892
408,47.8153
409,37.328
410,44.7009
411,31.4474
412,28.9041
413,44.4279
414,55.214
415,50.8915
416,48.9066
417,35.6341
418,28.9041
419,36.6164
420,28.9041
421,34.4667
422,29.4533
423,55.6475
424,28.9041
425,50.1512
426,40.6065
427,32.806
428,52.2534
429,35.2666
430,54.4301
431,30.7726
432,63.3841
433,69.5898
434,71.4755
435,52.4009
436,28.9041
437,71.5779
438,43.4997
439,49.7746
440,65.2035
441,36.8358
442,67.2225
443,61.4028
444,62.039
445,70.5395
446,62.0696
447,52.9178
448,55.9944
449,67.1917
450,62.7716
451,64.3543
452,28.9041
453,57.3708
454,54.3352
455,49.4392
456,43.3566
457,49.4995
458,43.5086
459,52.6979
460,40.4467
461,37.3099
462,28.9041
463,49.522
464,28.9041
465,52.8737
466,29.529
467,63.3491
468,46.0015
469,71.5779
470,55.5827
471,70.5859
472,37.9537
473,31.0393
474,29.9006
475,68.2118
476,28.9041
477,69.9163
478,28.9041
479,54.6278
480,53.2306
481,44.0545
482,63.5002
483,41.9949
484,31.0788
485,51.2377
486,59.6676
487,35.3562
488,63.9715
489,28.9041
490,68.3761
491,30.8183
492,71.5779
493,39.1359
494,59.5869
495,30.3668
496,71.5779
497,60.6685
498,43.6493
499,28.9041
500,53.0212
501,44.2612
502,61.1351
503,30.0301
504,44.0024
505,47.2601
506,47.0861
507,68.6836
508,28.9041
509,69.9068
510,43.5394
511,56.0332
512,28.9041
513,71.5779
514,63.9365
515,29.3013
516,46.6856
517,49.6797
518,35.6424
519,51.042
520,55.5463
521,65.1551
522,63.9343
523,35.0012
524,41.2787
525,59.8879
526,50.1781
527,53.1068
528,30.4596
529,35.3072
530,28.9041
531,28.9041
532,44.3471
533,56.0575
534,55.9197
535,36.3053
536,52.5886
537,62.6857
538,71.5779
539,68.2545
540,71.5779
541,34.842
542,63.6669
543,48.4041
544,57.001
545,71.5779
546,62.3215
547,55.0385
548,59.1645
549,63.5145
550,44.2474
551,42.0631
552,60.9888
553,38.4698
554,60.7195
555,48.2903
556,45.9821
557,36.3722
558,71.5779
559,38.837
560,44.5915
561,58.0824
562,62.7262
563,58.0199
564,30.0745
565,62.21
566,53.2915
567,40.6009
568,53.9615
569,29.9681
570,68.4561
571,38.3295
572,62.8758
573,54.8166
574,46.0328
575,45.6499
576,45.9163
577,36.3835
578,56.5661
579,40.6558
580,33.5935
581,28.9041
582,64.3638
583,46.4567
584,36.4024
585,30.2567
586,71.5779
587,46.7077
588,47.8378
589,36.4928
590,59.1734
591,39.729
592,66.4836
593,56.3013
594,60.6496
595,29.9719
596,67.7698
597,45.1986
598,51.9434
599,53.5083
600,42.5359
601,61.9557
602,55.3881
603,60.2604
604,57.7226
605,39.4489
606,43.7448
607,60.2262
608,30.95
609,37.6544
610,54.7706
611,50.1449
612,42.0117
613,42.3567
614,36.9907
615,34.7686
616,30.527
617,35.1328
618,51.9806
619,40.3426
620,38.7708
621,54.5856
622,56.4639
623,56.4585
624,37.3015
625,64.6506
626,49.1426
627,59.2159
628,67.8629
629,28.9415
630,41.6456
631,37.6315
632,70.4513
633,30.1637
634,30.6566
635,43.9802
636,39.8672
637,57.5831
638,37.2661
639,60.4079
640,71.114
641,44.8098
642,38.561
643,59.7352
644,55.7951
645,37.1466
646,67.5187
647,65.7666
648,53.467
649,71.5779
650,31.9376
651,28.9041
652,28.9041
653,33.1191
654,40.0563
655,44.165
656,37.2332
657,69.24
658,42.2788
659,43.3473
660,43.6919
661,28.9041
662,28.9041
663,41.8452
664,47.4535
665,58.599
666,38.5623
667,43.1629
668,59.5272
669,39.8093
670,32.5182
671,34.8136
672,28.9041
673,42.6857
674,36.2781
675,58.7669
676,49.4016
677,38.4798
678,41.8927
679,65.4294
680,71.5779
681,45.9189
682,43.1539
683,52.0929
684,31.3136
685,50.7587
686,64.5849
687,29.0858
688,71.5779
689,53.4606
690,45.2995
691,58.8783
692,71.5779
693,41.4031
694,28.9041
695,69.013
696,52.1033
697,63.9281
698,62.0248
699,40.726
700,56.9385
701,44.2869
702,32.0631
703,29.3989
704,28.9041
705,28.9321
706,41.1468
707,61.0522
708,56.9658
709,45.8388
710,54.9673
711,54.2969
712,30.0829
713,61.449
714,71.5779
715,28.9041
716,33.4099
717,55.3946
718,42.9806
719,36.038
720,60.7445
721,59.7038
722,28.9041
723,36.988
724,60.705
725,46.9581
726,34.2519
727,54.8357
728,65.9704
729,28.9041
730,34.7394
731,50.9365
732,38.3185
733,47.3106
734,45.8036
735,28.9041
736,56.1765
737,46.913
738,40.1803
739,28.9041
740,32.2773
741,61.3243
742,46.8054
743,46.2986
744,30.3495
745,48.8554
746,62.8943
747,62.1867
748,40.6381
749,43.0807
750,64.3236
751,48.6798
752,69.7585
753,47.0847
754,42.544
755,47.4988
756,28.9041
757,63.6759
758,64.1481
759,52.3814
760,31.1632
761,45.2124
762,41.6206
763,41.2291
764,71.5779
765,59.0591
766,28.9041
767,71.5779
768,29.2547
769,46.8648
770,40.2233
771,68.2902
772,54.4214
773,28.9041
774,40.0061
775,46.2257
776,35.9497
777,40.2449
778,39.6187
779,28.9041
780,46.062
781,49.1337
782,66.1812
783,71.5779
784,35.6263
785,39.0861
786,52.6345
787,66.3822
788,59.2066
789,47.1742
790,64.2898
791,29.5805
792,42.1045
793,33.5291
794,71.5779
795,45.6215
796,48.2123
797,29.3804
798,66.291
799,62.3806
800,62.0696
801,49.315
802,32.6718
803,51.7452
804,57.9296
805,62.7608
806,59.6055
807,52.3952
808,65.7447
809,48.7253
810,71.5779
811,49.1936
812,28.9041
813,65.7602
814,37.5549
815,60.4685
816,28.9041
817,49.1569
818,63.0561
819,29.2759
820,30.8455
821,49.8098
822,43.1335
823,54.6055
824,69.4302
825,71.5779
826,51.3065
827,45.9055
828,28.9041
829,44.3739
830,41.4022
831,62.8971
832,47.4374
833,49.9229
834,33.6298
835,55.9479
836,37.2369
837,39.4345
838,40.1299
839,50.466
840,55.6025
841,70.6133
842,53.2056
843,46.5612
844,71.5779
845,42.4918
846,44.3175
847,28.9041
848,58.1348
849,46.1564
850,37.3668
851,57.9534
852,48.2794
853,40.7352
854,29.4708
855,30.0533
856,55.1523
857,28.9041
858,41.6198
859,59.2511
860,37.1902
861,45.2823
862,49.3361
863,28.9041
864,28.9041
865,46.4933
866,64.1613
867,37.9435
868,45.1822
869,60.3119
870,31.9201
871,29.6499
872,52.4429
873,46.6941
874,28.9041
875,60.511
876,29.0432
877,29.3794
878,44.4901
879,28.9041
880,38.2784
881,29.8747
882,61.5809
883,29.2158
884,52.6601
885,31.4401
886,53.3979
887,69.2256
888,64.3154
889,56.0132
890,32.1776
891,36.0817
892,71.5779
893,28.9041
894,45.0336
895,28.9041
896,49.5852
897,46.4816
898,53.8803
899,57.6278
900,35.5528
901,66.9244
902,63.338
903,66.8237
904,53.9496
905,66.2668
906,41.4828
907,68.114
908,51.0284
909,58.0208
910,47.871
911,71.5779
912,71.5779
913,56.0506
914,28.9041
915,46.7187
916,52.7568
917,50.6911
918,29.342
919,41.6739
920,28.9041
921,28.9192
922,49.0664
923,30.6122
924,61.597
925,71.5779
926,54.4709
927,40.003
928,45.7683
929,28.9041
930,32.5392
931,28.9041
932,29.3997
933,44.2624
934,41.2931
935,50.5041
936,61.8528
937,30.9694
938,66.133
939,57.4361
940,55.9994
941,43.1955
942,46.4875
943,54.8155
944,35.48
945,71.5779
946,41.6154
947,53.3478
948,51.6624
949,45.4948
950,37.3605
951,49.0994
952,56.5365
953,54.58
954,41.828
955,70.7892
956,67.0326
957,43.3607
958,46.6579
959,37.8748
960,33.7601
961,47.556
962,40.233
963,68.368
964,51.401
965,32.0444
966,38.213
967,63.3421
968,28.9041
969,28.9041
970,57.2051
971,35.6979
972,28.9041
973,41.8813
974,30.3024
975,41.5575
976,54.4888
977,71.5779
978,60.2572
979,28.9041
980,50.3475
981,41.4793
982,71.5779
983,38.3005
984,50.1275
985,44.0729
986,38.871
987,71.5779
988,36.327
989,71.5779
990,43.3403
991,52.7941
992,44.5108
993,29.9151
994,59.5419
995,28.9041
996,44.5683
997,35.7274
998,63.7965
999,30.5584
1000,36.1308
1001,59.7026
1002,41.0897
1003,55.3515
1004,58.3391
1005,28.9041
1006,68.9176
1007,31.3823
1008,54.4311
1009,31.8093
1010,71.5779
1011,36.3996
1012,30.5999
1013,61.3612
1014,50.2931
1015,71.5779
1016,44.8833
1017,50.5561
1018,30.5979
1019,60.9258
1020,28.9041
1021,43.0471
1022,47.8295
1023,61.6928
1024,67.469
1025,39.0691
1026,28.9041
1027,32.4208
1028,28.9041
1029,28.9041
1030,56.3041
1031,28.9041
1032,38.013
1033,28.9041
1034,28.9041
1035,62.2591
1036,61.5711
1037,63.8952
1038,50.3123
1039,64.2986
1040,50.7827
1041,31.3874
1042,71.5779
1043,60.288
1044,30.776
1045,61.6188
1046,42.0744
1047,38.2443
1048,47.0499
1049,32.3309
1050,39.041
1051,68.572
1052,49.1858
1053,51.373
1054,61.0869
1055,46.7814
1056,31.3359
1057,29.9145
1058,51.0395
1059,28.9041
1060,60.7639
1061,50.1998
1062,71.5779
1063,54.2701
1064,43.2687
1065,49.2006
1066,51.515
1067,50.5321
1068,43.6738
1069,41.9513
1070,48.3291
1071,28.9041
1072,48.8713
1073,39.0144
1074,51.6402
1075,40.4517
1076,67.6896
1077,44.6638
1078,56.2164
1079,49.5462
1080,29.4057
1081,37.0939
1082,40.0198
1083,58.1342
1084,55.9702
1085,28.9041
1086,29.7046
1087,55.902
1088,32.4905
1089,36.3775
1090,29.618
1091,71.5779
1092,60.571
1093,28.9041
1094,40.6968
1095,62.9743
1096,40.8087
1097,62.8246
1098,60.2533
1099,71.5779
1100,35.5049
1101,29.4806
1102,51.6575
1103,28.9041
1104,56.5889
1105,40.6752
1106,55.6077
1107,54.2377
1108,28.9041
1109,54.142
1110,46.9254
1111,50.578
1112,51.2702
1113,31.0949
1114,64.2697
1115,58.419
1116,48.4847
1117,31.0196
1118,70.4401
1119,39.4472
1120,30.4806
1121,36.8057
1122,32.1767
1123,43.7039
1124,53.6937
1125,31.7942
1126,55.0544
1127,49.9541
1128,43.5042
1129,35.773
1130,62.6245
1131,71.034
1132,41.0266
1133,39.9351
1134,64.6546
1135,48.5847
1136,46.4517
1137,51.303
1138,50.0653
1139,50.2055
1140,50.5666
1141,50.1316
1142,71.5779
1143,29.2356
1144,60.0722
1145,67.5168
1146,32.2069
1147,45.967
1148,33.6726
1149,71.5779
1150,36.8747
1151,42.2657
1152,34.3078
1153,57.3147
1154,28.9041
1155,42.2668
1156,36.4742
1157,66.2855
1158,56.5814
1159,57.5553
1160,28.9041
1161,56.0364
1162,58.7003
1163,35.3875
1164,71.5472
1165,66.6439
1166,68.8587
1167,58.9375
1168,36.9107
1169,48.2759
1170,30.647
1171,59.7193
1172,29.7136
1173,52.3301
1174,56.8372
1175,45.7312
1176,53.8086
1177,56.9791
1178,47.2574
1179,28.9041
1180,45.043
1181,68.02
1182,49.685
1183,40.1687
1184,41.4127
1185,34.9553
1186,56.734
1187,51.8392
1188,29.3361
1189,28.9041
1190,28.9041
1191,53.3136
1192,45.9622
1193,43.5035
1194,44.3046
1195,46.7456
1196,28.9041
1197,68.9488
1198,34.2868
1199,51.111
1200,56.4576
1201,34.4849
1202,64.9835
1203,57.644
1204,71.5779
1205,28.9041
1206,30.691
1207,60.2942
1208,47.354
1209,59.5189
1210,52.3424
1211,48.2678
1212,62.34
1213,47.8849
1214,70.728
1215,59.2204
1216,29.551
1217,52.7913
1218,34.733
1219,54.2255
1220,45.157
1221,48.2585
1222,35.1793
1223,39.359
1224,32.4854
1225,54.2999
1226,71.5779
1227,56.6339
1228,42.9948
1229,71.5779
1230,45.4935
1231,28.9041
1232,43.4424
1233,56.3625
1234,66.6473
1235,39.8977
1236,70.9352
1237,52.2271
1238,44.6184
1239,30.9048
1240,33.6082
1241,59.8993
1242,37.0635
1243,32.5683
1244,71.5779
1245,51.3504
1246,63.3042
1247,47.4496
1248,64.5984
1249,30.035
1250,46.7445
1251,28.9041
1252,29.4126
1253,30.2194
1254,69.9948
1255,51.2846
1256,48.3152
1257,62.1416
1258,61.7898
1259,64.8344
1260,59.5527
1261,28.9041
1262,39.762
1263,68.5424
1264,28.9041
1265,60.2966
1266,39.5483
1267,56.8483
1268,43.0977
1269,64.2229
1270,45.2853
1271,37.7415
1272,36.5835
1273,44.6761
1274,66.078
1275,63.6711
1276,63.3139
1277,33.5493
1278,48.4511
1279,30.3501
1280,71.5779
1281,52.3249
1282,52.5588
1283,38.238
1284,57.8548
1285,67.6258
1286,43.5745
1287,46.964
1288,48.0367
1289,61.6247
1290,33.2713
1291,71.5779
1292,48.2
1293,31.4247
1294,51.9439
1295,67.2186
1296,35.2554
1297,42.9563
1298,43.626
1299,47.5914
1300,43.3363
1301,64.3216
1302,71.5779
1303,55.4556
1304,58.3381
1305,45.5184
1306,61.6893
1307,29.815
1308,53.9529
1309,40.8181
1310,49.8053
1311,53.2523
1312,61.9694
1313,38.6353
1314,34.8938
1315,28.9041
1316,28.9041
1317,51.2137
1318,28.9041
1319,29.2693
1320,43.0067
1321,43.0279
1322,70.1456
1323,63.6334
1324,50.628
1325,55.371
1326,40.2447
1327,34.8846
1328,63.2497
1329,34.6493
1330,60.5026
1331,49.003
1332,31.0509
1333,37.7487
1334,71.5779
1335,71.5779
1336,64.3065
1337,34.0512
1338,49.3569
1339,50.6333
1340,28.9041
1341,29.5704
1342,28.9041
1343,33.4782
1344,31.4252
1345,36.3065
1346,50.1631
1347,28.9041
1348,59.9041
1349,59.457
1350,32.8551
1351,55.8938
1352,28.9041
1353,60.7592
1354,64.3688
1355,39.5619
1356,71.5779
1357,40.9853
1358,28.9041
1359,34.2859
1360,47.3717
1361,57.7405
1362,48.0235
1363,35.3423
1364,33.4049
1365,44.5454
1366,45.1187
1367,35.1803
1368,54.6751
1369,43.3932
1370,42.3812
1371,29.9386
1372,33.6621
1373,65.178
1374,31.1346
1375,29.44
1376,71.5779
1377,30.142
1378,64.9108
1379,28.9041
1380,38.2896
1381,40.3637
1382,35.7546
1383,30.2039
1384,61.5106
1385,59.5616
1386,62.6235
1387,49.0642
1388,28.9041
1389,40.0962
1390,71.5779
1391,33.8664
1392,70.8222
1393,62.4248
1394,43.443
1395,50.3209
1396,31.8689
1397,41.0585
1398,50.7494
1399,38.5769
1400,28.9041
1401,44.2127
1402,37.9026
1403,28.9041
1404,55.2723
1405,71.5779
1406,35.0648
1407,37.8433
1408,50.1752
1409,57.0024
1410,30.2217
1411,42.4258
1412,60.1978
1413,40.8176
1414,51.5281
1415,69.0632
1416,71.5779
1417,31.6542
1418,54.9527
1419,64.1256
1420,54.7498
1421,63.1083
1422,68.9147
1423,51.0453
1424,39.9971
1425,37.286
1426,34.9486
1427,56.3342
1428,58.8846
1429,32.2198
1430,69.3169
1431,31.4849
1432,28.9041
1433,59.8764
1434,51.8363
1435,48.9835
1436,28.9041
1437,34.1371
1438,71.5779
1439,61.326
1440,63.8819
1441,35.8088
1442,38.1904
1443,28.9041
1444,38.3519
1445,32.4249
1446,35.6655
1447,68.7447
1448,60.3209
1449,46.5501
1450,51.1527
1451,46.8171
1452,38.6781
1453,58.7653
1454,37.7099
1455,60.7987
1456,62.9055
1457,71.5779
1458,45.8249
1459,63.2634
1460,35.5963
1461,57.0681
1462,56.7223
1463,46.217
1464,47.4456
1465,48.1993
1466,45.0554
1467,46.4431
1468,42.035
1469,30.2738
1470,44.834
1471,38.2574
1472,32.6289
1473,60.6438
1474,46.3202
1475,49.8384
1476,48.4074
1477,49.4238
1478,61.6976
1479,50.5452
1480,43.5643
1481,47.9248
1482,29.5979
1483,51.3805
1484,35.6149
1485,45.7328
1486,63.9485
1487,29.9135
1488,33.2344
1489,28.9041
1490,39.1987
1491,50.0432
1492,59.5366
1493,71.3538
1494,52.9211
1495,58.859
1496,56.7896
1497,39.4048
1498,58.8081
1499,55.0016
1500,64.9294
1501,46.8384
1502,59.7359
1503,49.0876
1504,62.4757
1505,33.3292
1506,68.2656
1507,39.6382
1508,45.6012
1509,39.1779
1510,46.4472
1511,71.5779
1512,55.1694
1513,30.5345
1514,31.3484
1515,59.4638
1516,71.5779
1517,31.1282
1518,70.8077
1519,42.3404
1520,32.1859
1521,42.2707
1522,50.1978
1523,43.1931
1524,37.8639
1525,28.9041
1526,38.9211
1527,35.0263
1528,30.507
1529,36.3679
1530,67.8178
1531,55.0053
1532,65.2521
1533,50.2868
1534,56.6762
1535,39.1362
1536,55.2936
1537,47.7713
1538,30.7404
1539,49.7029
1540,68.0371
1541,50.0437
1542,66.2533
1543,62.4345
1544,53.3776
1545,43.22
1546,45.6707
1547,58.8663
1548,65.6208
1549,37.8246
1550,33.8038
1551,28.9041
1552,51.0696
1553,54.7508
1554,69.1266
1555,43.8063
1556,29.0244
1557,42.9485
1558,65.5914
1559,60.6226
1560,61.6436
1561,40.0736
1562,59.2503
1563,47.842
1564,71.5779
1565,37.2847
1566,38.0368
1567,60.3025
1568,47.9409
1569,30.161
1570,31.2614
1571,42.8132
1572,52.429
1573,28.9041
1574,60.718
1575,61.8272
1576,58.5581
1577,31.5379
1578,58.1926
1579,46.3111
1580,61.2712
1581,31.2463
1582,52.3459
1583,49.2639
1584,46.6287
1585,71.5779
1586,38.9909
1587,28.9041
1588,28.9041
1589,36.6074
1590,56.7296
1591,47.3081
1592,30.4367
1593,66.3354
1594,57.8967
1595,49.2032
1596,28.9041
1597,53.6614
1598,50.5461
1599,32.0629
1600,39.0619
1601,65.0367
1602,28.9041
1603,56.1924
1604,48.8766
1605,31.2843
1606,52.6681
1607,63.3534
1608,46.7573
1609,50.1942
1610,56.6135
1611,36.3183
1612,50.5418
1613,31.0188
1614,39.9008
1615,66.3915
1616,46.3707
1617,50.6634
1618,48.0965
1619,30.9463
1620,28.9041
1621,47.1023
1622,57.5414
1623,56.5203
1624,59.5693
1625,65.8499
1626,36.8769
1627,47.5728
1628,28.9041
1629,29.9504
1630,46.0686
1631,60.4603
1632,68.3542
1633,46.5128
1634,46.8753
1635,43.6395
1636,45.8542
1637,42.8727
1638,44.8922
1639,28.9041
1640,47.3353
1641,36.8099
1642,54.5309
1643,57.6618
1644,47.0786
1645,51.0556
1646,54.0032
1647,69.1349
1648,33.4668
1649,58.1832
1650,30.3321
1651,48.5332
1652,45.1696
1653,68.1289
1654,39.855
1655,54.8158
1656,47.9231
1657,56.4102
1658,67.0787
1659,53.7404
1660,50.3889
1661,34.0223
1662,62.065
1663,38.049
1664,71.5779
1665,37.8705
1666,49.1274
1667,54.1418
1668,56.492
1669,33.5708
1670,47.9744
1671,48.9546
1672,66.8758
1673,34.5186
1674,49.6939
1675,71.5779
1676,69.3668
1677,54.7671
1678,50.5566
1679,43.5783
1680,28.9041
1681,55.8182
1682,54.5583
1683,66.9404
1684,53.8683
1685,43.5032
1686,47.669
1687,33.3694
1688,67.8055
1689,54.4484
1690,56.9889
1691,71.5779
1692,47.2097
1693,47.5448
1694,62.726
1695,28.9041
1696,52.0986
1697,31.9295
1698,63.9982
1699,60.6737
1700,35.77
1701,54.8429
1702,28.9041
1703,40.4783
1704,30.6495
1705,41.8874
1706,61.9856
1707,55.9506
1708,33.7599
1709,63.8613
1710,57.0089
1711,65.9454
1712,39.5015
1713,33.9283
1714,52.1833
1715,45.6209
1716,50.6288
1717,45.286
1718,51.2681
1719,32.5495
1720,45.7687
1721,28.9041
1722,28.9041
1723,47.6576
1724,48.9905
1725,67.3531
1726,65.9404
1727,45.546
1728,50.7178
1729,71.5779
1730,48.2525
1731,30.0888
1732,44.6667
1733,71.5779
1734,41.7402
1735,48.9527
1736,28.9041
1737,52.0695
1738,28.9041
1739,50.0855
1740,38.6988
1741,42.5468
1742,32.6745
1743,28.9266
1744,71.5779
1745,52.2006
1746,50.7973
1747,71.5779
1748,69.5991
1749,34.8329
1750,47.2867
1751,48.4514
1752,29.5477
1753,53.0799
1754,69.9711
1755,71.5779
1756,55.0033
1757,35.2212
1758,29.9096
1759,71.5779
1760,31.1572
1761,28.9041
1762,58.5464
1763,57.4504
1764,49.3658
1765,30.616
1766,61.5754
1767,30.6555
1768,69.8635
1769,58.4496
1770,60.2341
1771,38.8077
1772,67.9947
1773,38.0879
1774,31.9084
1775,36.2673
1776,31.8238
1777,37.3615
1778,45.7713
1779,50.6779
1780,31.9567
1781,38.6331
1782,56.8846
1783,28.9041
1784,58.9772
1785,63.7028
1786,33.4602
1787,53.0779
1788,70.0117
1789,40.432
1790,46.153
1791,59.4502
1792,30.9991
1793,42.8345
1794,55.4896
1795,57.3146
1796,71.5779
1797,31.3837
1798,71.5779
1799,36.1146
1800,31.0851
1801,43.8498
1802,53.1993
1803,28.9041
1804,40.3386
1805,60.7942
1806,29.3086
1807,41.6378
1808,55.5776
1809,71.5779
1810,51.0773
1811,28.9041
1812,46.4579
1813,45.4652
1814,35.5931
1815,28.9041
1816,53.9125
1817,38.6162
1818,33.198
1819,35.0593
1820,65.3656
1821,55.4756
1822,58.4612
1823,36.3826
1824,46.0072
1825,28.9041
1826,32.6037
1827,30.2371
1828,50.3498
1829,59.3409
1830,33.5138
1831,36.7534
1832,37.2045
1833,32.008
1834,60.1952
1835,29.1198
1836,31.6037
1837,62.2653
1838,55.9379
1839,50.0967
1840,34.2822
1841,29.637
1842,43.8328
1843,38.4931
1844,50.5564
1845,55.8039
1846,29.0758
1847,48.8824
1848,56.1861
1849,48.5528
1850,47.949
1851,71.5779
1852,71.5424
1853,29.6868
1854,59.9335
1855,41.6902
1856,69.9881
1857,32.3376
1858,39.958
1859,46.4584
1860,30.2767
1861,59.1285
1862,50.1416
1863,54.2042
1864,51.0718
1865,59.8286
1866,61.838
1867,57.5109
1868,58.4866
1869,39.6584
1870,60.277
1871,29.0076
1872,47.5883
1873,63.156
1874,35.9605
1875,40.6154
1876,48.6464
1877,40.0786
1878,34.5635
1879,47.3103
1880,62.8379
1881,46.1341
1882,28.9041
1883,41.3597
1884,59.8116
1885,45.7987
1886,51.2128
1887,28.9041
1888,37.5963
1889,29.9639
1890,59.7488
1891,59.3761
1892,61.0498
1893,36.8885
1894,52.6987
1895,28.9041
1896,61.8912
1897,32.6171
1898,31.881
1899,28.9041
1900,40.4171
1901,41.4885
1902,48.247
1903,70.6125
1904,31.7989
1905,39.5825
1906,44.8537
1907,54.3736
1908,53.5384
1909,43.8215
1910,58.6992
1911,56.4276
1912,46.4878
1913,54.075
1914,34.802
1915,66.717
1916,59.5986
1917,49.1017
1918,36.423
1919,39.0431
1920,53.725
1921,70.8221
1922,57.7978
1923,28.9041
1924,47.3235
1925,55.9233
1926,68.5363
1927,28.9041
1928,50.6766
1929,40.3217
1930,46.7463
1931,43.0434
1932,45.4277
1933,34.3458
1934,28.9041
1935,39.6513
1936,69.4888
1937,30.2949
1938,59.3917
1939,55.922
1940,65.0169
1941,61.4783
1942,41.8313
1943,28.9041
1944,33.9692
1945,30.3348
1946,31.7927
1947,54.9582
1948,52.0278
1949,64.8391
1950,28.9041
1951,36.0574
1952,28.9041
1953,41.777
1954,58.9335
1955,34.8811
1956,42.5587
1957,71.5779
1958,35.4381
1959,45.4738
1960,34.6357
1961,44.5886
1962,60.6478
1963,61.2212
1964,28.9041
1965,61.0565
1966,29.1279
1967,45.5435
1968,40.3473
1969,30.535
1970,45.6067
1971,51.6123
1972,54.7513
1973,44.2503
1974,58.6414
1975,55.3617
1976,38.9454
1977,28.9041
1978,54.378
1979,60.4186
1980,50.7066
1981,28.9041
1982,62.7986
1983,33.6791
1984,37.6674
1985,34.5069
1986,48.2349
1987,29.2469
1988,35.6791
1989,53.5926
1990,44.4303
1991,48.0516
1992,30.5046
1993,50.9604
1994,48.9509
1995,45.0718
1996,64.3085
1997,64.1574
1998,29.3783
1999,47.8071
2000,55.3118
2001,31.4022
2002,58.4321
2003,56.4861
2004,46.7874
2005,49.3929
2006,68.4477
2007,42.8138
2008,43.5722
2009,50.3613
2010,29.3442
2011,43.4053
2012,33.514
2013,61.5075
2014,58.551
2015,62.5117
2016,67.5333
2017,28.9041
2018,62.6984
2019,39.6737
2020,39.5623
2021,69.249
2022,71.4723
2023,49.8023
2024,64.8198
2025,65.9747
2026,44.7721
2027,30.6062
2028,31.1287
2029,28.9041
2030,43.2937
2031,35.343
2032,59.7699
2033,49.7406
2034,55.2579
2035,42.1281
2036,29.517
2037,55.2397
2038,48.5831
2039,61.6013
2040,52.3403
2041,46.0421
2042,63.2077
2043,69.2955
2044,29.9237
2045,45.0213
2046,71.5779
2047,38.0576
2048,35.3771
2049,59.0814
2050,44.2808
2051,47.3897
2052,35.7664
2053,40.6556
2054,63.5336
2055,46.4285
2056,70.6946
2057,48.0656
2058,37.051
2059,51.3926
2060,53.118
2061,51.6467
2062,70.4473
2063,62.7306
2064,61.3641
2065,58.9769
2066,58.644
2067,71.5779
2068,28.9041
2069,31.0071
2070,71.5779
2071,53.9356
2072,56.3039
2073,30.4166
2074,60.4573
2075,54.5974
2076,35.8336
2077,29.6371
2078,66.5288
2079,41.4452
2080,69.396
2081,46.8467
2082,30.1872
2083,40.4032
2084,58.3769
2085,38.0751
2086,68.9131
2087,28.9041
2088,61.2605
2089,51.7371
2090,58.4712
2091,30.8325
2092,49.0955
2093,29.4703
2094,30.6033
2095,33.0665
2096,67.6373
2097,37.0225
2098,40.3258
2099,31.2346
2100,31.3277
2101,55.1246
2102,29.6359
2103,30.9762
2104,65.6913
2105,43.5929
2106,52.4939
2107,45.1651
2108,39.9823
2109,57.0098
2110,42.7121
2111,28.9041
2112,29.958
2113,65.4463
2114,50.9666
2115,31.8966
2116,49.1355
2117,53.8663
2118,70.7512
2119,31.1354
2120,50.1549
2121,31.4231
2122,35.6357
2123,33.2432
2124,63.9446
2125,46.2806
2126,35.462
2127,54.914
2128,44.8323
2129,65.0365
2130,56.4156
2131,47.113
2132,32.6891
2133,60.1061
2134,35.9704
2135,42.8568
2136,46.8182
2137,53.7549
2138,60.1882
2139,66.2243
2140,31.2376
2141,29.4088
2142,28.9041
2143,38.0965
2144,51.619
2145,38.1398
2146,64.2323
2147,42.7208
2148,59.6442
2149,57.3503
2150,53.7673
2151,46.3849
2152,57.9261
2153,71.5779
2154,67.4968
2155,55.5579
2156,51.3118
2157,48.1159
2158,67.4523
2159,71.5779
2160,37.0098
2161,32.6684
2162,34.5717
2163,64.3672
2164,42.3798
2165,47.3592
2166,38.1272
2167,41.2957
2168,49.616
2169,42.5664
2170,28.9041
2171,70.5735
2172,53.8157
2173,31.1355
2174,42.3027
2175,46.8582
2176,71.2823
2177,49.8334
2178,60.099
2179,36.0845
2180,30.5816
2181,49.7321
2182,41.381
2183,44.4395
2184,71.407
2185,44.4836
2186,28.9636
2187,54.1979
2188,43.3421
2189,28.9041
2190,71.5779
2191,53.3281
2192,40.1393
2193,64.5561
2194,54.1233
2195,48.7697
2196,49.1287
2197,39.6777
2198,30.0594
2199,66.2951
2200,32.3581
2201,33.9342
2202,58.884
2203,60.8105
2204,37.2648
2205,48.8304
2206,29.3559
2207,28.9041
2208,66.3242
2209,40.4555
2210,57.8132
2211,67.9018
2212,42.9122
2213,38.4975
2214,47.7892
2215,37.0695
2216,39.8062
2217,52.7026
2218,55.4812
2219,34.1525
2220,61.6157
2221,29.3275
2222,28.9041
2223,30.3823
2224,70.3696
2225,40.3215
2226,28.9041
2227,42.2133
2228,41.9186
2229,28.9041
2230,59.0409
2231,70.8091
2232,62.4473
2233,29.8065
2234,58.2652
2235,48.5272
2236,53.8033
2237,51.0978
2238,40.1487
2239,36.6077
2240,47.6205
2241,57.0114
2242,41.7152
2243,51.7981
2244,63.1404
2245,65.1666
2246,51.477
2247,40.209
2248,28.9041
2249,70.9992
2250,28.9041
2251,28.9041
2252,36.4177
2253,30.0027
2254,66.5047
2255,60.517
2256,33.5361
2257,30.1415
2258,42.6298
2259,50.8374
2260,48.6196
2261,52.1571
2262,60.6662
2263,53.6517
2264,39.5567
2265,58.7428
2266,66.4999
2267,28.9041
2268,29.3237
2269,35.7676
2270,36.1428
2271,60.7357
2272,39.6787
2273,28.9041
2274,41.3653
2275,43.3877
2276,48.2523
2277,30.7282
2278,40.7611
2279,55.4568
2280,70.0115
2281,37.9736
2282,54.0915
2283,35.8268
2284,35.2714
2285,41.3177
2286,49.0527
2287,28.9041
2288,63.0948
2289,64.9524
2290,28.9041
2291,65.3469
2292,35.1865
2293,40.6386
2294,60.7198
2295,34.6851
2296,30.7944
2297,35.8487
2298,37.8265
2299,29.9515
2300,57.2886
2301,65.213
2302,65.9378
2303,40.0658
2304,37.7957
2305,49.857
2306,44.0338
2307,28.9041
2308,28.9041
2309,28.9041
2310,40.2199
2311,54.6569
2312,52.4736
2313,31.5615
2314,48.1248
2315,70.7317
2316,49.2201
2317,40.9374
2318,65.1506
2319,58.9084
2320,47.877
2321,29.5579
2322,31.4461
2323,56.415
2324,53.71
2325,50.6113
2326,28.9416
2327,37.3304
2328,64.3582
2329,62.3726
2330,58.6137
2331,38.8273
2332,43.7972
2333,68.0671
2334,41.8411
2335,30.611
2336,46.9222
2337,39.2167
2338,28.9041
2339,69.6552
2340,28.9041
2341,41.5854
2342,59.0166
2343,51.3149
2344,55.1656
2345,50.484
2346,49.0638
2347,33.7195
2348,28.9041
2349,61.4328
2350,35.6575
2351,63.1094
2352,28.9041
2353,36.2293
2354,43.6812
2355,63.7089
2356,55.4163
2357,36.8825
2358,61.2413
2359,32.587
2360,28.9041
2361,31.6555
2362,56.9285
2363,34.9939
2364,30.8206
2365,33.3943
2366,63.7248
2367,51.1806
2368,68.6168
2369,31.9408
2370,62.0409
2371,41.9765
2372,28.9041
2373,60.881
2374,58.6828
2375,51.5251
2376,28.9041
2377,39.1027
2378,55.0434
2379,61.8512
2380,64.7622
2381,31.6983
2382,43.6381
2383,47.5313
2384,38.5644
2385,63.0338
2386,67.685
2387,38.8724
2388,41.9022
2389,47.0149
2390,42.5247
2391,56.2619
2392,71.5779
2393,45.9825
2394,58.4912
2395,50.4166
2396,48.6614
2397,34.7221
2398,35.9448
2399,45.9906
2400,31.13
2401,40.58
2402,57.9184
2403,57.4699
2404,49.3246
2405,57.2533
2406,31.1786
2407,59.4825
2408,58.9917
2409,48.3923
2410,71.5779
2411,53.482
2412,28.9041
2413,28.9041
2414,44.4245
2415,36.6606
2416,48.1213
2417,28.9041
2418,65.7286
2419,50.2796
2420,50.6362
2421,64.3519
2422,39.9961
2423,55.8665
2424,59.9778
2425,57.4942
2426,51.2686
2427,43.8777
2428,61.7813
2429,48.5346
2430,52.9536
2431,71.5779
2432,68.9876
2433,30.9942
2434,44.1389
2435,47.1496
2436,60.2591
2437,28.9041
2438,71.5779
2439,52.9155
2440,39.1708
2441,57.3543
2442,34.7785
2443,39.6284
2444,45.8409
2445,34.9816
2446,67.8206
2447,71.5779
2448,39.2535
2449,61.602
2450,38.6343
2451,43.8022
2452,64.5075
2453,28.9041
2454,47.5891
2455,33.3107
2456,47.2419
2457,36.2
2458,52.4096
2459,43.8082
2460,34.9286
2461,61.6746
2462,50.6633
2463,49.0186
2464,50.9659
2465,36.2611
2466,58.8706
2467,32.4692
2468,53.8112
2469,71.5779
2470,68.4454
2471,55.8692
2472,28.9041
2473,34.5965
2474,28.9041
2475,55.8286
2476,29.633
2477,67.3308
2478,68.1771
2479,41.6004
2480,31.119
2481,62.7431
2482,34.3978
2483,35.7116
2484,39.8309
2485,28.9041
2486,65.9676
2487,50.4277
2488,71.5779
2489,43.6708
2490,28.9041
2491,53.3265
2492,39.2788
2493,63.1552
2494,50.9226
2495,54.7109
2496,48.4
2497,71.5779
2498,48.1039
2499,38.3549
2500,45.9805
2501,34.7176
2502,29.8481
2503,35.0965
2504,71.5779
2505,64.8228
2506,68.0922
2507,33.108
2508,44.755
2509,54.3135
2510,59.9104
2511,28.9041
2512,49.7206
2513,33.1787
2514,32.544
2515,29.6752
2516,66.5205
2517,51.7613
2518,68.3866
2519,52.3715
2520,41.1126
2521,44.4063
2522,32.6307
2523,36.3569
2524,62.419
2525,30.6766
2526,28.9041
2527,28.9041
2528,63.8747
2529,43.5597
2530,60.4703
2531,53.0332
2532,34.1733
2533,71.5779
2534,30.2937
2535,45.7143
2536,37.0587
2537,41.7119
2538,38.3994
2539,30.7184
2540,36.384
2541,48.1099
2542,28.9041
2543,28.9041
2544,33.2399
2545,59.4128
2546,31.2467
2547,71.5779
2548,53.4526
2549,40.8907
2550,48.5976
2551,44.5384
2552,37.3971
2553,38.6147
2554,30.0705
2555,71.5779
2556,45.2489
2557,71.5779
2558,60.4979
2559,51.9181
2560,59.2778
2561,37.4233
2562,52.3596
2563,65.6022
2564,32.0784
2565,54.1548
2566,44.1742
2567,37.7928
2568,28.9041
2569,28.9041
2570,28.9041
2571,41.3917
2572,64.6489
2573,52.1511
2574,60.9975
2575,51.5246
2576,32.0092
2577,71.5779
2578,63.5224
2579,29.2106
2580,38.0943
2581,29.3416
2582,28.9041
2583,52.0056
2584,64.897
2585,46.5032
2586,56.9386
2587,71.0598
2588,71.5779
2589,50.1304
2590,28.9041
2591,65.1544
2592,36.6266
2593,57.8483
2594,59.4661
2595,61.2822
2596,51.4232
2597,50.901
2598,36.6753
2599,28.9041
2600,49.3264
2601,29.1639
2602,31.8109
2603,59.3246
2604,39.3745
2605,38.6446
2606,50.8442
2607,64.8615
2608,48.7228
2609,52.1372
2610,42.9287
2611,53.0321
2612,64.7609
2613,34.9821
2614,53.5508
2615,28.9041
2616,42.3437
2617,28.9041
2618,56.1997
2619,54.9128
2620,53.263
2621,71.1141
2622,66.7115
2623,61.1469
2624,48.3242
2625,39.4115
2626,41.91
2627,36.6611
2628,66.9918
2629,32.4223
2630,31.9518
2631,33.42
2632,70.2927
2633,33.1658
2634,55.4901
2635,58.2798
2636,68.2367
2637,55.1434
2638,37.234
2639,32.6605
2640,57.4788
2641,37.4274
2642,39.4831
2643,47.2044
2644,61.289
2645,35.4521
2646,60.702
2647,47.788
2648,55.4068
2649,28.9041
2650,62.0352
2651,37.5579
2652,32.9492
2653,29.4841
2654,28.9561
2655,55.6782
2656,70.7962
2657,61.5316
2658,59.2144
2659,34.5909
2660,36.5218
2661,32.5085
2662,50.6948
2663,70.4287
2664,71.5779
2665,48.8208
2666,61.6957
2667,44.7897
2668,34.9092
2669,40.2234
2670,41.4841
2671,58.6054
2672,55.6315
2673,28.9041
2674,62.5335
2675,50.1809
2676,48.0438
2677,63.6858
2678,40.529
2679,55.4293
2680,31.7993
2681,48.3381
2682,41.4285
2683,28.9041
2684,54.5324
2685,62.0935
2686,32.9715
2687,43.395
2688,34.1003
2689,55.7297
2690,55.6601
2691,42.7937
2692,44.0564
2693,37.0788
2694,55.7319
2695,36.5329
2696,58.5846
2697,43.3312
2698,71.5779
2699,42.9746
2700,35.0218
2701,36.4361
2702,46.2353
2703,55.7147
2704,68.7571
2705,71.5779
2706,50.3796
2707,58.6997
2708,31.8568
2709,28.9041
2710,53.3454
2711,31.6881
2712,36.3925
2713,49.2699
2714,71.5779
2715,56.1967
2716,64.1909
2717,28.9041
2718,54.0141
2719,29.8416
2720,28.9041
2721,30.8241
2722,67.1593
2723,28.9041
2724,64.9777
2725,42.2411
2726,67.2767
2727,31.4428
2728,51.357
2729,51.0483
2730,32.005
2731,43.2119
2732,40.9141
2733,38.1956
2734,28.9041
2735,63.3074
2736,62.8524
2737,41.7649
2738,28.9041
2739,58.2995
2740,55.8061
2741,28.9041
2742,48.3637
2743,47.9721
2744,46.8522
2745,46.5057
2746,48.2107
2747,61.886
2748,51.3961
2749,41.9066
2750,45.4131
2751,58.9442
2752,52.4826
2753,46.7461
2754,40.3629
2755,56.3263
2756,33.9028
2757,59.5386
2758,61.1024
2759,32.3598
2760,43.7632
2761,44.3904
2762,41.5358
2763,28.9041
2764,57.3626
2765,58.5816
2766,63.703
2767,71.5779
2768,54.362
2769,33.8337
2770,34.4437
2771,39.5962
2772,52.294
2773,65.5835
2774,44.7764
2775,42.7859
2776,66.93
2777,42.2227
2778,42.4337
2779,57.3968
2780,36.7877
2781,61.743
2782,44.4367
2783,69.9995
2784,56.6693
2785,42.4962
2786,58.6789
2787,59.4699
2788,43.6345
2789,67.3231
2790,63.8921
2791,47.035
2792,44.5099
2793,47.44
2794,64.2307
2795,43.4266
2796,47.1322
2797,30.1793
2798,28.9601
2799,61.8299
2800,48.2331
2801,55.0415
2802,52.2082
2803,58.1492
2804,42.5119
2805,28.9041
2806,71.5779
2807,41.2228
2808,36.352
2809,54.4828
2810,41.5528
2811,63.9822
2812,46.323
2813,67.6132
2814,48.69
2815,30.6175
2816,56.0798
2817,43.5742
2818,42.3155
2819,28.9041
2820,56.5238
2821,57.1814
2822,30.8239
2823,44.4894
2824,34.832
2825,40.4873
2826,71.5779
2827,47.4483
2828,37.6698
2829,62.0682
2830,28.9041
2831,58.3754
2832,57.6284
2833,40.0333
2834,69.8832
2835,43.7745
2836,28.9041
2837,59.8933
2838,52.7684
2839,71.5779
2840,53.157
2841,32.2594
2842,59.0529
2843,67.6644
2844,31.912
2845,46.2604
2846,46.5186
2847,65.5542
2848,50.1524
2849,55.2606
2850,47.4096
2851,68.5108
2852,53.7618
2853,34.9259
2854,36.1405
2855,51.6106
2856,71.5779
2857,59.5921
2858,53.0248
2859,43.8125
2860,46.7535
2861,42.1747
2862,28.9041
2863,61.9313
2864,33.8667
2865,28.9041
2866,56.3232
2867,28.9041
2868,48.4102
2869,38.3473
2870,28.9041
2871,28.9041
2872,62.7269
2873,28.9041
2874,65.3454
2875,41.7802
2876,30.6732
2877,41.7592
2878,64.5141
2879,58.2275
2880,48.1055
2881,71.5779
2882,68.7639
2883,43.4063
2884,64.6874
2885,50.796
2886,39.9307
2887,30.9959
2888,54.066
2889,28.9041
2890,36.9201
2891,51.544
2892,32.9233
2893,71.5779
2894,28.9041
2895,49.0529
2896,41.1902
2897,28.9041
2898,66.931
2899,35.3927
2900,44.1183
2901,41.0137
2902,38.2654
2903,68.1241
2904,35.3381
2905,56.8222
2906,47.5938
2907,34.5676
2908,56.0214
2909,71.5779
2910,42.4481
2911,62.3868
2912,56.0353
2913,44.9268
2914,45.8639
2915,56.395
2916,44.9341
2917,33.1595
2918,30.4993
2919,34.0993
2920,28.9041
2921,28.9041
2922,28.9041
2923,70.8806
2924,30.4137
2925,42.2796
2926,28.9041
2927,55.9588
2928,36.4454
2929,34.2162
2930,45.227
2931,33.2777
2932,29.9847
2933,36.4046
2934,46.894
2935,49.4453
2936,71.5779
2937,28.9041
2938,57.1351
2939,38.9553
2940,31.7849
2941,34.1135
2942,54.2258
2943,42.2107
2944,70.6894
2945,57.7972
2946,48.8284
2947,41.3744
2948,28.9041
2949,55.1567
2950,30.9297
2951,33.8899
2952,66.3727
2953,28.9041
2954,49.0037
2955,33.4763
2956,51.4673
2957,59.5981
2958,35.8227
2959,28.9041
2960,44.8355
2961,54.1297
2962,64.8719
2963,41.6582
2964,28.9041
2965,69.7443
2966,67.6283
2967,32.3946
2968,47.7785
2969,40.3619
2970,28.9041
2971,29.6144
2972,45.2305
2973,41.8403
2974,35.6882
2975,31.2186
2976,29.6502
2977,46.3905
2978,28.9041
2979,28.9041
2980,58.8315
2981,71.4987
2982,65.5786
2983,57.5441
2984,35.3579
2985,48.7148
2986,49.4922
2987,33.208
2988,61.4238
2989,71.5779
2990,57.9543
2991,28.9041
2992,64.092
2993,47.3919
2994,59.6441
2995,31.0493
2996,50.3775
2997,40.4826
2998,70.9256
2999,45.5998
3000,66.638
3001,68.6177
3002,49.2531
3003,35.0251
3004,40.5914
3005,29.4599
3006,28.9041
3007,67.4392
3008,30.7009
3009,41.1955
3010,42.2487
3011,60.9773
3012,60.7114
3013,55.249
3014,39.6673
3015,71.1461
3016,64.6825
3017,59.7197
3018,34.6099
3019,37.1885
3020,37.2885
3021,34.1331
3022,51.8467
3023,46.5027
3024,64.0737
3025,59.6747
3026,51.6693
3027,28.9041
3028,35.4717
3029,47.4669
3030,71.5779
3031,29.738
3032,40.3344
3033,28.9041
3034,52.3713
3035,59.379
3036,71.5779
3037,28.9041
3038,63.834
3039,29.5698
3040,67.7061
3041,71.5779
3042,30.366
3043,35.8727
3044,36.8242
3045,55.1609
3046,43.7187
3047,46.3411
3048,31.9539
3049,39.9634
3050,30.1477
3051,39.5543
3052,61.1312
3053,46.5207
3054,55.0531
3055,71.5779
3056,41.559
3057,29.2445
3058,33.5211
3059,71.5779
3060,49.043
3061,67.3939
3062,34.4259
3063,38.5059
3064,35.1825
3065,71.5779
3066,39.3217
3067,57.9015
3068,29.7608
3069,41.8593
3070,32.5742
3071,38.5284
3072,71.5779
3073,28.9041
3074,57.472
3075,40.1314
3076,48.8509
3077,48.6055
3078,53.9981
3079,57.4218
3080,28.9041
3081,29.3338
3082,71.5779
3083,55.1047
3084,51.2687
3085,44.1111
3086,28.9041
3087,36.4973
3088,43.1198
3089,45.9779
3090,51.1688
3091,56.4331
3092,31.501
3093,61.8915
3094,30.956
3095,54.825
3096,64.661
3097,42.1609
3098,29.8146
3099,53.8642
3100,33.2202
3101,59.4608
3102,43.8425
3103,58.7948
3104,46.6562
3105,31.6167
3106,60.8499
3107,47.3118
3108,67.3844
3109,61.4794
3110,69.6216
3111,62.6848
3112,48.2029
3113,41.7287
3114,42.5249
3115,28.9041
3116,48.0693
3117,45.556
3118,38.4668
3119,60.6305
3120,56.0536
3121,50.2016
3122,48.2445
3123,38.4707
3124,49.3339
3125,44.9353
3126,30.1768
3127,34.6143
3128,33.9529
3129,40.242
3130,28.9041
3131,49.8452
3132,28.9041
3133,64.4012
3134,66.6823
3135,51.23
3136,67.5822
3137,40.0057
3138,30.8406
3139,33.2471
3140,32.7859
3141,55.8386
3142,54.8251
3143,46.2135
3144,52.2118
3145,28.9041
3146,28.9991
3147,41.069
3148,28.9041
3149,38.9304
3150,71.5779
3151,42.9652
3152,28.9041
3153,36.2132
3154,37.0842
3155,54.7732
3156,28.9041
3157,28.9041
3158,31.9462
3159,31.9966
3160,68.5
3161,31.3824
3162,55.9591
3163,52.657
3164,33.9177
3165,63.1139
3166,58.2475
3167,40.9328
3168,36.029
3169,37.1451
3170,47.9515
3171,31.3595
3172,54.9487
3173,28.9041
3174,36.4164
3175,56.0624
3176,28.9041
3177,60.2723
3178,36.5351
3179,54.8046
3180,35.452
3181,63.9709
3182,40.6998
3183,45.5327
3184,29.7634
3185,29.4771
3186,34.2134
3187,67.2402
3188,30.1015
3189,40.1786
3190,68.5193
3191,71.5779
3192,51.2106
3193,71.5779
3194,69.3154
3195,31.8777
3196,37.3209
3197,53.4044
3198,71.3743
3199,62.8897
3200,40.0969
3201,28.9041
3202,28.9041
3203,50.3527
3204,59.4307
3205,63.3708
3206,33.8715
3207,28.9041
3208,31.1052
3209,54.4273
3210,50.0886
3211,35.9194
3212,56.0548
3213,59.9185
3214,28.9702
3215,30.8539
3216,28.9041
3217,48.3341
3218,41.5611
3219,66.482
3220,63.7193
3221,63.6025
3222,39.8691
3223,39.6475
3224,40.4242
3225,39.725
3226,28.9041
3227,51.052
3228,71.5779
3229,39.4527
3230,31.4459
3231,37.7958
3232,33.9
3233,71.4234
3234,29.3405
3235,45.9652
3236,47.4781
3237,56.2294
3238,51.4934
3239,28.9041
3240,33.6001
3241,37.4628
3242,65.8054
3243,40.1902
3244,34.6425
3245,33.5445
3246,64.5987
3247,51.1996
3248,55.4495
3249,55.7153
3250,60.9806
3251,55.5058
3252,35.5861
3253,71.5779
3254,61.0192
3255,49.7794
3256,68.4719
3257,34.4397
3258,28.9041
3259,44.2431
3260,54.842
3261,30.0431
3262,54.0206
3263,30.963
3264,28.9041
3265,44.3536
3266,36.3075
3267,56.0101
3268,64.7815
3269,65.2525
3270,57.6361
3271,30.1456
3272,62.604
3273,36.1227
3274,35.487
3275,36.037
3276,55.0089
3277,71.5779
3278,45.9434
3279,28.9041
3280,69.2498
3281,62.9919
3282,65.5325
3283,29.7721
3284,37.4491
3285,51.7598
3286,39.1112
3287,42.6354
3288,29.659
3289,51.4922
3290,61.7968
3291,65.3778
3292,28.9041
3293,71.3733
3294,48.951
3295,28.9041
3296,39.5185
3297,54.2754
3298,70.2435
3299,53.6504
3300,60.7942
3301,71.5779
3302,71.4594
3303,28.9041
3304,30.7842
3305,61.0982
3306,55.2982
3307,50.8801
3308,35.6828
3309,30.6083
3310,28.9041
3311,56.1977
3312,38.2209
3313,47.0038
3314,42.0543
3315,48.1239
3316,60.0416
3317,60.5465
3318,35.2917
3319,40.56
3320,48.6185
3321,28.9041
3322,62.595
3323,35.2312
3324,65.8238
3325,31.0051
3326,50.0593
3327,28.9041
3328,61.7371
3329,58.2251
3330,63.4422
3331,37.299
3332,50.0206
3333,62.4846
3334,62.7086
3335,31.7466
3336,36.5747
3337,71.5779
3338,56.1837
3339,28.9041
3340,43.2319
3341,42.0433
3342,71.5779
3343,56.9849
3344,69.5225
3345,64.7854
3346,52.8988
3347,43.0441
3348,29.4301
3349,28.9041
3350,67.3487
3351,50.801
3352,57.5853
3353,28.9314
3354,36.3872
3355,31.8202
3356,58.5233
3357,57.0824
3358,50.0747
3359,41.1033
3360,45.3551
3361,59.5547
3362,52.8367
3363,71.5779
3364,33.3166
3365,47.205
3366,28.9041
3367,47.8513
3368,44.8118
3369,47.4032
3370,39.8588
3371,32.3972
3372,42.888
3373,56.5342
3374,33.352
3375,52.1353
3376,49.5708
3377,62.71
3378,53.2302
3379,30.8069
3380,39.3959
3381,37.0275
3382,59.1072
3383,35.007
3384,37.3162
3385,28.9041
3386,31.5186
3387,57.8079
3388,58.5266
3389,28.9041
3390,42.8787
3391,28.9041
3392,28.9041
3393,66.0416
3394,63.7332
3395,61.1258
3396,40.3277
3397,38.4468
3398,36.6498
3399,55.1495
3400,36.7156
3401,46.3668
3402,59.7012
3403,40.4241
3404,53.6401
3405,71.5779
3406,48.656
3407,29.592
3408,39.8363
3409,69.6584
3410,54.1402
3411,53.6592
3412,48.1647
3413,38.2449
3414,41.5142
3415,29.4676
3416,62.3378
3417,71.5779
3418,30.1921
3419,40.3641
3420,67.6364
3421,31.548
3422,49.3818
3423,43.2308
3424,50.9857
3425,29.0125
3426,55.7177
3427,30.4946
3428,28.9041
3429,50.8255
3430,29.4743
3431,71.5779
3432,51.9129
3433,53.186
3434,35.3247
3435,63.8826
3436,53.9149
3437,51.5236
3438,30.259
3439,63.1279
3440,32.5166
3441,39.1493
3442,28.9041
3443,28.9041
3444,65.2375
3445,33.3631
3446,29.9208
3447,48.4625
3448,52.4105
3449,41.6046
3450,28.9041
3451,33.8608
3452,35.7281
3453,37.0159
3454,70.3786
3455,32.694
3456,39.9534
3457,66.0046
3458,54.9397
3459,38.5434
3460,28.9041
3461,29.2095
3462,66.805
3463,63.8172
3464,36.4258
3465,28.9041
3466,71.5779
3467,50.6921
3468,33.5568
3469,31.4472
3470,35.7109
3471,48.0988
3472,53.4278
3473,59.8808
3474,71.5779
3475,60.5855
3476,40.0606
3477,51.8216
3478,47.9616
3479,40.1525
3480,38.8842
3481,29.7577
3482,46.5523
3483,54.6819
3484,38.1635
3485,60.7829
3486,49.0103
3487,35.2932
3488,28.9041
3489,71.2164
3490,61.7784
3491,46.7812
3492,54.7419
3493,64.29
3494,28.9041
3495,45.3628
3496,33.8058
3497,28.9041
3498,45.308
3499,48.5622
3500,31.1073
3501,28.9041
3502,71.5779
3503,51.9595
3504,40.9086
3505,39.4551
3506,65.2096
3507,39.3947
3508,29.6494
3509,37.8817
3510,40.5431
3511,54.8802
3512,30.8131
3513,34.5155
3514,31.9025
3515,69.1002
3516,62.3815
3517,32.1089
3518,36.1114
3519,71.5779
3520,69.038
3521,44.8977
3522,48.5658
3523,30.2619
3524,55.2925
3525,37.0134
3526,28.9041
3527,33.6924
3528,29.8453
3529,38.3799
3530,61.2761
3531,28.9041
3532,50.9251
3533,44.5561
3534,28.9041
3535,61.4092
3536,57.8257
3537,28.9041
3538,29.2574
3539,32.165
3540,44.2305
3541,38.9797
3542,43.2945
3543,47.9775
3544,35.9466
3545,71.5779
3546,55.6674
3547,41.0234
3548,30.2266
3549,57.9975
3550,50.4263
3551,38.3095
3552,37.8646
3553,56.5858
3554,29.4865
3555,47.4182
3556,37.8811
3557,55.5322
3558,60.895
3559,43.9644
3560,63.9527
3561,39.3367
3562,68.5672
3563,29.6677
3564,41.9211
3565,53.4353
3566,47.5658
3567,45.723
3568,29.0463
3569,53.4652
3570,48.9777
3571,48.5037
3572,41.0958
3573,54.535
3574,54.7045
3575,50.6134
3576,54.1174
3577,49.4498
3578,30.2619
3579,34.7056
3580,56.8215
3581,46.4735
3582,30.4683
3583,36.0212
3584,47.6894
3585,28.9041
3586,67.4573
3587,64.4448
3588,60.9938
3589,61.5064
3590,42.2474
3591,66.8803
3592,69.1073
3593,28.9041
3594,28.9041
3595,53.1989
3596,28.9041
3597,31.8922
3598,30.4363
3599,63.7356
3600,64.3532
3601,43.2019
3602,46.9381
3603,67.4114
3604,35.8488
3605,55.8363
3606,28.9041
3607,31.8451
3608,54.4906
3609,40.1421
3610,37.2943
3611,50.572
3612,58.4287
3613,60.5522
3614,48.0266
3615,58.4859
3616,34.3418
3617,55.1794
3618,30.7175
3619,45.1788
3620,52.9665
3621,54.946
3622,43.3218
3623,53.1749
3624,45.1733
3625,28.9041
3626,46.3856
3627,52.2601
3628,37.5958
3629,62.5886
3630,65.2075
3631,40.8702
3632,47.1433
3633,28.9041
3634,71.5779
3635,47.8079
3636,51.0415
3637,51.7552
3638,53.715
3639,66.6129
3640,43.5851
3641,51.0461
3642,39.1535
3643,53.3156
3644,40.9768
3645,45.1711
3646,48.0161
3647,52.9377
3648,28.9041
3649,29.9762
3650,28.9041
3651,28.9041
3652,48.422
3653,30.0817
3654,60.4131
3655,57.5166
3656,41.6597
3657,36.0703
3658,64.0379
3659,53.187
3660,31.4179
3661,59.0021
3662,28.9041
3663,33.1521
3664,63.2962
3665,34.0537
3666,59.1452
3667,44.4125
3668,51.8884
3669,37.7201
3670,65.8287
3671,42.7035
3672,31.9305
3673,47.6969
3674,38.1052
3675,62.9642
3676,54.9479
3677,60.7323
3678,54.3393
3679,51.7949
3680,60.2112
3681,48.9245
3682,50.2021
3683,28.9041
3684,54.658
3685,38.2451
3686,52.7815
3687,67.7197
3688,57.215
3689,60.9468
3690,54.1408
3691,35.8908
3692,64.9096
3693,28.9041
3694,51.8554
3695,44.3091
3696,67.8267
3697,58.1445
3698,39.962
3699,46.0066
3700,38.7949
3701,50.2194
3702,71.4695
3703,46.6237
3704,63.6066
3705,69.4829
3706,51.854
3707,28.9041
3708,32.5823
3709,55.4772
3710,46.2103
3711,35.9917
3712,40.2307
3713,68.0749
3714,60.845
3715,28.9041
3716,40.1192
3717,61.183
3718,57.5625
3719,61.6444
3720,41.5568
3721,67.4139
3722,49.652
3723,68.3579
3724,28.9041
3725,38.9221
3726,31.1745
3727,53.2004
3728,28.9041
3729,65.9623
3730,36.8337
3731,46.0434
3732,53.2091
3733,57.9676
3734,58.5689
3735,57.1281
3736,46.7951
3737,60.0315
3738,71.5779
3739,52.3499
3740,43.4467
3741,59.0749
3742,59.991
3743,48.3713
3744,51.1524
3745,51.8374
3746,68.0889
3747,59.7003
3748,36.9999
3749,47.3696
3750,41.5747
3751,47.3079
3752,32.6454
3753,59.1132
3754,53.3424
3755,45.9795
3756,57.0422
3757,55.7069
3758,44.3665
3759,67.9083
3760,57.0729
3761,66.2481
3762,34.8935
3763,67.1129
3764,33.5798
3765,56.3925
3766,54.9144
3767,34.1556
3768,39.7757
3769,28.9041
3770,32.3734
3771,66.6519
3772,47.7317
3773,49.4282
3774,36.279
3775,59.353
3776,65.3555
3777,28.9041
3778,63.6936
3779,45.8593
3780,28.9041
3781,54.1984
3782,41.5451
3783,54.0094
3784,28.9041
3785,47.6883
3786,53.8169
3787,57.1461
3788,71.5779
3789,68.7762
3790,45.3573
3791,65.923
3792,28.9041
3793,68.1916
3794,52.2974
3795,32.6822
3796,60.8316
3797,60.8456
3798,66.2206
3799,34.4016
3800,46.9144
3801,64.8204
3802,28.9041
3803,31.1736
3804,67.1057
3805,48.5546
3806,70.7409
3807,71.5779
3808,63.4645
3809,71.5779
3810,67.5008
3811,28.9041
3812,57.9487
3813,31.4565
3814,29.4993
3815,63.6051
3816,69.4321
3817,38.9877
3818,48.6702
3819,44.73
3820,66.4358
3821,47.3987
3822,38.0822
3823,29.8935
3824,57.2977
3825,41.9981
3826,49.6497
3827,70.4854
3828,46.027
3829,28.9041
3830,56.5744
3831,51.0122
3832,32.6099
3833,28.9041
3834,43.4601
3835,64.1571
3836,61.35
3837,42.5726
3838,55.2177
3839,34.9715
3840,64.3843
3841,49.7464
3842,40.4022
3843,31.0264
3844,58.8634
3845,43.7456
3846,41.3576
3847,38.5247
3848,43.0093
3849,28.9041
3850,49.2411
3851,34.9064
3852,54.8496
3853,45.9957
3854,47.5411
3855,36.5512
3856,28.9041
3857,60.1881
3858,31.5767
3859,53.176
3860,47.0236
3861,66.5524
3862,55.5214
3863,28.9041
3864,52.1453
3865,61.8027
3866,28.9041
3867,65.8591
3868,28.9041
3869,45.8802
3870,71.5779
3871,36.8384
3872,41.8776
3873,58.4225
3874,42.3625
3875,29.3616
3876,28.9041
3877,49.9602
3878,62.0918
3879,49.1845
3880,49.0331
3881,36.3699
3882,47.1748
3883,36.9948
3884,47.0204
3885,71.5779
3886,41.1508
3887,28.9041
3888,39.629
3889,28.9041
3890,67.4297
3891,71.5779
3892,28.9041
3893,30.7674
3894,30.6467
3895,71.5779
3896,33.4506
3897,28.9041
3898,28.9041
3899,47.1139
3900,28.9041
3901,54.2583
3902,69.4706
3903,54.239
3904,45.2831
3905,34.87
3906,67.1595
3907,48.5183
3908,30.234
3909,58.3864
3910,50.8129
3911,50.1804
3912,28.9041
3913,56.1641
3914,61.4772
3915,55.4756
3916,60.5953
3917,52.0713
3918,47.1821
3919,28.9041
3920,28.9041
3921,29.906
3922,46.1679
3923,69.3291
3924,69.4473
3925,28.9041
3926,71.5779
3927,58.4744
3928,46.224
3929,32.6338
3930,52.7632
3931,51.2306
3932,37.5502
3933,41.7441
3934,46.2342
3935,28.9041
3936,42.0062
3937,70.8269
3938,67.3299
3939,32.0464
3940,58.3962
3941,31.0595
3942,57.6523
3943,32.8641
3944,55.0934
3945,53.8015
3946,48.8724
3947,29.4828
3948,46.7585
3949,46.679
3950,55.7407
3951,51.5761
3952,29.5011
3953,56.0619
3954,28.9041
3955,53.2731
3956,44.2826
3957,68.722
3958,36.6947
3959,64.578
3960,51.0411
3961,43.2861
3962,60.8453
3963,42.2976
3964,45.1607
3965,35.7689
3966,55.564
3967,39.1783
3968,46.0689
3969,59.1247
3970,37.9278
3971,43.0822
3972,62.0461
3973,36.7393
3974,49.1839
3975,65.3054
3976,69.8543
3977,56.001
3978,54.4358
3979,54.7626
3980,55.2998
3981,57.7802
3982,46.3937
3983,50.8927
3984,48.5482
3985,50.7186
3986,40.7391
3987,30.9337
3988,42.5368
3989,49.2291
3990,36.1543
3991,32.7053
3992,65.9295
3993,36.7141
3994,57.562
3995,28.9041
3996,28.9041
3997,40.6535
3998,39.0786
3999,41.0416
4000,56.4987
4001,43.7826
4002,38.8784
4003,59.1513
4004,47.4262
4005,28.9041
4006,28.9041
4007,28.9041
4008,47.0101
4009,59.6419
4010,31.552
4011,56.2231
4012,28.9041
4013,37.7593
4014,35.3566
4015,47.9874
4016,50.9724
4017,46.3962
4018,28.9041
4019,58.8542
4020,38.4406
4021,53.9001
4022,28.9041
4023,35.9428
4024,52.4552
4025,28.9874
4026,60.5439
4027,64.7384
4028,29.4116
4029,55.7956
4030,36.5508
4031,37.2401
4032,47.1043
4033,32.0701
4034,28.9041
4035,48.3528
4036,48.2534
4037,28.9041
4038,61.0765
4039,62.6103
4040,43.9236
4041,57.4327
4042,49.8124
4043,71.5779
4044,53.0615
4045,63.2885
4046,71.5779
4047,46.3974
4048,65.1699
4049,71.5779
4050,59.9746
4051,30.667
4052,51.8747
4053,28.9041
4054,63.1113
4055,46.7352
4056,31.4407
4057,43.0452
4058,29.3125
4059,55.3616
4060,66.369
4061,37.7523
4062,63.8299
4063,58.8057
4064,28.9041
4065,49.063
4066,67.053
4067,31.1531
4068,31.0684
4069,35.4724
4070,30.1572
4071,34.7803
4072,29.4354
4073,46.365
4074,36.2311
4075,54.1506
4076,28.9041
4077,30.9502
4078,45.3632
4079,41.6909
4080,29.723
4081,31.1851
4082,70.2395
4083,46.8433
4084,31.8293
4085,62.1185
4086,60.5972
4087,28.9041
4088,50.5562
4089,59.2613
4090,39.0264
4091,71.5779
4092,40.0027
4093,28.9041
4094,55.2672
4095,33.7163
4096,49.4416
4097,38.716
4098,66.4361
4099,69.256
4100,71.5779
4101,59.5888
4102,55.2628
4103,31.8072
4104,56.8485
4105,66.5957
4106,71.5779
4107,59.5105
4108,39.9893
4109,55.7586
4110,42.1972
4111,38.3708
4112,49.9062
4113,35.8177
4114,62.7289
4115,39.9669
4116,50.699
4117,39.1232
4118,30.9698
4119,40.4503
4120,65.9287
4121,30.3471
4122,51.3785
4123,42.552
4124,51.9834
4125,38.9368
4126,44.1919
4127,51.0513
4128,44.7521
4129,37.727
4130,64.6409
4131,69.9681
4132,42.3425
4133,50.372
4134,53.2624
4135,28.9041
4136,44.0228
4137,71.5779
4138,39.3079
4139,71.5779
4140,46.6156
4141,65.8036
4142,28.9041
4143,54.9515
4144,28.9041
4145,40.0713
4146,47.9969
4147,35.1816
4148,54.6881
4149,56.5296
4150,49.8802
4151,40.3191
4152,33.0711
4153,28.9041
4154,41.5334
4155,51.6784
4156,57.0295
4157,62.2569
4158,59.7786
4159,57.3942
4160,51.68
4161,47.8701
4162,48.749
4163,61.1355
4164,70.3942
4165,28.9041
4166,28.9041
4167,56.2952
4168,30.1967
4169,47.5821
4170,39.7076
4171,28.9041
4172,36.4236
4173,49.5958
4174,36.6538
4175,61.326
4176,52.8369
4177,58.766
4178,48.3453
4179,68.8864
4180,46.9787
4181,49.8613
4182,70.2691
4183,49.5751
4184,28.9041
4185,28.9041
4186,28.9041
4187,64.4032
4188,28.9041
4189,71.5779
4190,66.0949
4191,32.6036
4192,49.7694
4193,45.2478
4194,47.8661
4195,64.421
4196,59.2399
4197,71.5779
4198,52.8406
4199,57.6043
4200,29.2414
4201,71.5779
4202,54.2312
4203,63.545
4204,31.2594
4205,28.9041
4206,65.1286
4207,30.0902
4208,65.3838
4209,42.7369
4210,50.471
4211,49.9653
4212,65.9633
4213,42.0501
4214,43.2672
4215,50.781
4216,61.5946
4217,31.8491
4218,65.2278
4219,35.269
4220,50.1331
4221,32.5555
4222,57.0675
4223,59.7696
4224,38.6338
4225,40.3515
4226,43.7578
4227,41.2765
4228,31.1421
4229,71.5779
4230,28.9041
4231,33.8171
4232,29.2307
4233,69.3027
4234,61.5055
4235,56.7287
4236,53.3569
4237,45.9408
4238,62.9156
4239,68.7299
4240,66.335
4241,71.5779
4242,71.5779
4243,31.6483
4244,38.0842
4245,57.478
4246,52.2066
4247,40.6322
4248,41.5732
4249,61.118
4250,41.8738
4251,28.9041
4252,28.9041
4253,28.9041
4254,57.0191
4255,58.0148
4256,28.9041
4257,64.8533
4258,56.2668
4259,66.6074
4260,66.3564
4261,45.6619
4262,28.9041
4263,62.1454
4264,56.0585
4265,43.543
4266,32.9855
4267,45.7114
4268,42.2713
4269,39.911
4270,63.2563
4271,35.7338
4272,68.6105
4273,47.5267
4274,42.5309
4275,49.8064
4276,71.4687
4277,28.9041
4278,55.638
4279,43.1273
4280,63.8303
4281,67.1277
4282,31.0887
4283,31.8137
4284,62.7567
4285,32.9938
4286,30.25
4287,44.4518
4288,40.3873
4289,34.896
4290,52.672
4291,47.5066
4292,41.0569
4293,59.4967
4294,29.2965
4295,51.819
4296,62.0716
4297,44.7481
4298,30.6818
4299,28.9041
4300,54.8927
4301,67.3991
4302,53.6467
4303,29.379
4304,28.9041
4305,52.3091
4306,36.6557
4307,58.2853
4308,33.081
4309,64.4212
4310,36.091
4311,28.9041
4312,53.3458
4313,43.394
4314,29.6382
4315,54.8743
4316,38.4193
4317,55.6671
4318,57.3511
4319,37.6808
4320,48.2128
4321,51.7721
4322,40.4988
4323,55.7902
4324,67.9433
4325,32.641
4326,28.9041
4327,41.082
4328,31.1918
4329,66.6399
4330,55.9821
4331,30.2104
4332,33.8142
4333,38.4376
4334,33.7116
4335,63.381
4336,31.7279
4337,28.9041
4338,28.9041
4339,42.4613
4340,59.277
4341,28.9041
4342,28.9041
4343,34.6975
4344,57.0675
4345,28.9041
4346,60.339
4347,29.4421
4348,51.0848
4349,62.9805
4350,42.3287
4351,69.9529
4352,45.5461
4353,40.7499
4354,38.8453
4355,44.2342
4356,70.3113
4357,49.8931
4358,35.9318
4359,58.4375
4360,39.993
4361,30.0804
4362,28.9041
4363,66.1113
4364,28.9041
4365,48.0938
4366,33.3004
4367,64.3159
4368,56.386
4369,71.5779
4370,48.7225
4371,41.5122
4372,36.9023
4373,52.6226
4374,39.3367
4375,41.7264
4376,51.2632
4377,43.0788
4378,59.791
4379,65.1445
4380,35.2423
4381,33.9323
4382,49.4834
4383,49.6991
4384,42.3972
4385,39.1987
4386,46.66
4387,63.7237
4388,29.6967
4389,63.615
4390,43.8979
4391,66.4301
4392,44.4804
4393,48.5489
4394,71.5779
4395,28.9041
4396,29.0961
4397,53.0343
4398,63.0041
4399,69.5781
4400,31.6884
4401,62.934
4402,31.0304
4403,57.2007
4404,42.2267
4405,58.211
4406,35.521
4407,69.3836
4408,31.7809
4409,46.3479
4410,59.4551
4411,28.9041
4412,42.9463
4413,59.0257
4414,50.5881
4415,54.7467
4416,69.0309
4417,41.5184
4418,53.8172
4419,28.9041
4420,44.4554
4421,30.842
4422,63.9273
4423,31.7522
4424,52.5662
4425,46.271
4426,43.0005
4427,28.9041
4428,51.9935
4429,53.0061
4430,53.2758
4431,29.2385
4432,44.6775
4433,51.7255
4434,58.8086
4435,28.9041
4436,33.7751
4437,60.0453
4438,28.9041
4439,39.9423
4440,31.2616
4441,32.2246
4442,62.1192
4443,55.5023
4444,49.42
4445,28.9041
4446,45.4431
4447,71.5779
4448,45.5332
4449,30.102
4450,46.3679
4451,46.3498
4452,62.4142
4453,49.8507
4454,71.5779
4455,54.7363
4456,58.6807
4457,28.9041
4458,40.3088
4459,43.8658
4460,62.0374
4461,62.1129
4462,28.93
4463,65.9455
4464,60.6825
4465,38.1701
4466,38.0002
4467,28.9041
4468,52.7968
4469,70.0953
4470,28.9041
4471,51.4274
4472,31.7762
4473,28.9041
4474,36.3508
4475,53.7837
4476,40.6718
4477,38.0138
4478,49.8531
4479,44.0789
4480,28.9041
4481,48.6168
4482,48.6864
4483,69.0712
4484,34.9182
4485,30.265
4486,28.9041
4487,71.5779
4488,68.7966
4489,37.3679
4490,28.9041
4491,51.0479
4492,28.9041
4493,52.8613
4494,28.9041
4495,50.1154
4496,32.8837
4497,47.8113
4498,32.511
4499,57.3357
4500,30.7624
4501,37.5082
4502,65.3959
4503,50.7314
4504,71.5779
4505,28.9041
4506,51.0784
4507,49.0485
4508,32.3804
4509,69.198
4510,44.5354
4511,52.0674
4512,43.8763
4513,50.2761
4514,52.3748
4515,52.1386
4516,61.0328
4517,43.4925
4518,28.9041
4519,28.9041
4520,33.4918
4521,37.9082
4522,45.5329
4523,39.1998
4524,48.3779
4525,31.5858
4526,33.6467
4527,36.9616
4528,29.8611
4529,59.6321
4530,51.0666
4531,53.3691
4532,63.2842
4533,32.007
4534,40.1443
4535,31.3016
4536,54.8085
4537,61.8501
4538,29.2983
4539,30.7505
4540,66.9316
4541,55.3696
4542,28.9041
4543,29.6364
4544,28.9041
4545,71.3618
4546,68.2759
4547,58.5974
4548,62.4887
4549,69.4265
4550,48.6835
4551,51.7672
4552,43.0439
4553,35.4604
4554,51.5597
4555,44.6119
4556,68.9877
4557,50.8748
4558,35.8913
4559,50.0958
4560,31.8809
4561,30.0255
4562,60.8461
4563,43.3203
4564,36.5271
4565,56.4007
4566,29.6223
4567,51.3563
4568,53.7585
4569,54.8321
4570,29.5812
4571,42.168
4572,38.1343
4573,62.1279
4574,31.0848
4575,28.9041
4576,43.3374
4577,62.5085
4578,66.899
4579,39.3398
4580,38.9803
4581,52.0078
4582,46.8131
4583,67.1671
4584,42.7685
4585,53.4344
4586,28.9084
4587,39.0882
4588,51.8538
4589,60.4357
4590,71.5779
4591,37.4542
4592,59.6034
4593,61.2107
4594,33.6294
4595,33.7765
4596,50.2042
4597,29.8536
4598,34.8975
4599,40.9204
4600,64.7924
4601,40.4945
4602,31.5827
4603,53.3847
4604,55.4999
4605,65.0155
4606,45.8915
4607,31.6546
4608,43.7452
4609,52.5043
4610,28.9041
4611,28.9041
4612,44.2221
4613,39.765
4614,28.9041
4615,33.0854
4616,71.5779
4617,41.0604
4618,71.5779
4619,44.3963
4620,36.7198
4621,29.6492
4622,46.9016
4623,28.9041
4624,45.8595
4625,71.5779
4626,62.5301
4627,64.3123
4628,71.5779
4629,38.218
4630,66.453
4631,67.2781
4632,38.7399
4633,28.9041
4634,56.8614
4635,48.581
4636,35.5436
4637,33.7667
4638,66.205
4639,71.5443
4640,42.8391
4641,58.0808
4642,29.306
4643,68.2512
4644,34.0342
4645,28.9041
4646,71.5779
4647,62.849
4648,28.9041
4649,30.5201
4650,47.7316
4651,39.6635
4652,37.9705
4653,71.5779
4654,71.5779
4655,39.9043
4656,29.9018
4657,41.7595
4658,28.9041
4659,56.7976
4660,28.9041
4661,47.4207
4662,54.1222
4663,53.2746
4664,68.393
4665,35.6906
4666,62.0511
4667,28.9041
4668,28.9041
4669,45.1299
4670,42.6749
4671,54.9105
4672,46.059
4673,32.035
4674,57.2716
4675,52.9526
4676,30.992
4677,64.1822
4678,30.5859
4679,53.0952
4680,67.7568
4681,31.0034
4682,66.2717
4683,38.2463
4684,59.3598
4685,42.9214
4686,61.5274
4687,63.6314
4688,49.2734
4689,53.5475
4690,28.9041
4691,68.0192
4692,51.757
4693,34.755
4694,60.6075
4695,64.5664
4696,52.8799
4697,31.7019
4698,50.522
4699,71.5779
4700,71.5779
4701,33.2547
4702,35.8662
4703,40.1494
4704,28.9041
4705,38.4606
4706,42.7824
4707,53.3333
4708,28.9589
4709,32.3747
4710,32.2231
4711,28.9041
4712,56.1179
4713,44.4406
4714,43.037
4715,62.2374
4716,32.0005
4717,61.1276
4718,39.249
4719,31.8819
4720,67.9257
4721,33.052
4722,42.8201
4723,36.3331
4724,42.2186
4725,34.096
4726,41.6992
4727,57.3531
4728,62.8031
4729,63.078
4730,66.2911
4731,60.4503
4732,29.4075
4733,44.1847
4734,36.7994
4735,31.3904
4736,34.5581
4737,59.8281
4738,28.9041
4739,66.206
4740,66.2316
4741,28.9041
4742,30.9157
4743,63.1877
4744,49.8279
4745,57.8461
4746,47.4682
4747,66.4209
4748,51.2767
4749,65.587
4750,37.585
4751,41.4808
4752,41.9259
4753,65.3871
4754,71.5779
4755,32.1017
4756,53.7536
4757,40.0568
4758,63.9284
4759,30.0457
4760,47.2315
4761,59.1794
4762,38.1777
4763,63.4313
4764,34.2513
4765,28.9041
4766,30.0218
4767,37.308
4768,36.3359
4769,31.5098
4770,38.5192
4771,32.3862
4772,46.382
4773,60.3624
4774,46.946
4775,54.246
4776,55.8903
4777,38.561
4778,33.7835
4779,52.5137
4780,46.3208
4781,58.6682
4782,29.9988
4783,42.4123
4784,41.5818
4785,41.4512
4786,34.4982
4787,64.5749
4788,70.8625
4789,71.5779
4790,39.0393
4791,58.5516
4792,53.3484
4793,28.9041
4794,29.0211
4795,30.2442
4796,36.5066
4797,28.9041
4798,36.4371
4799,51.082
4800,57.729
4801,33.2425
4802,28.9041
4803,40.183
4804,34.4817
4805,40.2212
4806,38.8654
4807,64.2238
4808,33.0486
4809,67.2626
4810,53.6542
4811,53.9937
4812,28.9041
4813,30.3604
4814,58.2038
4815,49.6821
4816,48.5495
4817,53.4579
4818,41.7722
4819,71.5779
4820,38.6273
4821,43.1134
4822,47.587
4823,49.3666
4824,44.145
4825,28.9041
4826,48.8107
4827,33.9491
4828,59.8149
4829,28.9041
4830,57.7594
4831,54.6993
4832,71.5779
4833,28.9041
4834,28.9041
4835,36.6619
4836,30.3393
4837,28.9041
4838,52.1089
4839,61.6381
4840,48.62
4841,56.4269
4842,33.9456
4843,32.7965
4844,36.4274
4845,31.1418
4846,54.31
4847,71.5779
4848,63.7825
4849,39.0182
4850,28.9041
4851,34.9175
4852,52.7072
4853,28.9041
4854,33.0807
4855,36.4868
4856,59.9302
4857,52.3807
4858,32.435
4859,44.4966
4860,41.45
4861,32.7219
4862,38.2502
4863,28.9041
4864,60.6124
4865,35.8224
4866,60.2725
4867,44.387
4868,43.2274
4869,45.1284
4870,33.7264
4871,69.8384
4872,54.1307
4873,35.672
4874,30.4532
4875,52.6808
4876,65.5909
4877,42.6142
4878,71.5779
4879,67.3442
4880,39.6157
4881,43.8954
4882,37.4959
4883,28.9041
4884,43.4327
4885,55.9289
4886,68.917
4887,46.0734
4888,38.2532
4889,34.9579
4890,48.9594
4891,51.0971
4892,28.9041
4893,62.463
4894,32.0529
4895,29.925
4896,38.4341
4897,66.3356
4898,45.8824
4899,64.8408
4900,44.0417
4901,62.732
4902,52.4906
4903,56.5395
4904,53.9022
4905,57.7405
4906,61.2369
4907,42.3232
4908,28.9041
4909,62.0559
4910,47.7211
4911,28.9041
4912,30.7331
4913,65.0386
4914,28.9041
4915,41.7173
4916,42.7057
4917,47.4952
4918,28.9041
4919,65.4446
4920,28.9041
4921,40.0659
4922,30.0043
4923,52.4988
4924,41.4161
4925,44.8504
4926,61.7959
4927,44.0823
4928,58.0529
4929,67.6327
4930,28.9041
4931,46.8906
4932,49.6274
4933,53.1349
4934,31.8266
4935,41.9726
4936,56.0704
4937,29.2009
4938,63.1599
4939,39.5936
4940,45.4738
4941,56.3839
4942,46.8746
4943,50.876
4944,28.9041
4945,62.3106
4946,36.3616
4947,37.2586
4948,28.9041
4949,45.4016
4950,41.7908
4951,28.9041
4952,45.0458
4953,53.1907
4954,47.7123
4955,60.226
4956,45.702
4957,32.8562
4958,51.2013
4959,31.1345
4960,36.3561
4961,28.9268
4962,62.3068
4963,45.5552
4964,45.9505
4965,67.9416
4966,33.2133
4967,49.7333
4968,67.7629
4969,71.5779
4970,66.3713
4971,53.5497
4972,36.3178
4973,28.9041
4974,64.2741
4975,28.9041
4976,44.0439
4977,30.6856
4978,49.1563
4979,49.9633
4980,65.4896
4981,40.5757
4982,38.8068
4983,36.3974
4984,41.8592
4985,53.2687
4986,70.7197
4987,28.9041
4988,50.1134
4989,43.8035
4990,68.6718
4991,61.4048
4992,42.1389
4993,34.9325
4994,44.0866
4995,28.9041
4996,54.772
4997,55.704
4998,47.36
4999,71.5779
